Year,AGB (C Ton)
2019,11429364.898755666
2020,11012063.65046655
2021,11679287.481497588
2022,13058250.644467548
2023,12288339.202521738
