Trend (Ton/year),Trend Percentage (%/year)
214743.57594151795,1.8788758416917586
