Year,AGB (C Ton)
2019,1.1403004860925904E7
2020,1.0907836754179819E7
2021,1.156874330405797E7
2022,1.3125063514905723E7
2023,1.22037498486419E7
