Trend (Ton/year),Trend Percentage (%/year)
1.166129925308737,1.172219290951148
