Feature,Importance (%)
B11,20.18025645301108
B12,17.91145779606508
B2,12.73628065608021
B3,17.226524365804742
B4,15.953391666382148
B8,15.992089062656751
