Feature,Importance (%)
B2,13.75854382218048
B4,15.654968952879983
B8,16.50491005767413
B3,17.206174176569984
B12,18.34427389350388
B11,18.531129097191556
