Year,Mangrove Area (Ha)
2019,72523.59158473255
2020,70452.15307973123
2021,71501.86327782954
2022,76788.03419750277
2023,74350.06331891434
